Model,Accuracy,Precision,Recall,F1-Score,Time_E2E(s),Avg_Inference_Time(ms)
LogRobust (Upgrade),82.0754716981132,60.18518518518518,56.57051282051282,53.45588235294119,3.359593629837036,17.655613208914456
LogRobust (Basic),54.6,34.47528467908902,43.375,33.033544058526694,13.045120239257812,24.833158201770857
CNN Baseline,45.4,26.127491267721386,38.375,28.703286525994343,5.362455606460571,102.63631499849726
Random Forest,40.0,10.0,25.0,14.285714285714285,41.985344648361206,833.9399125983473
